{
  "display": {
    "firstperson_lefthand": {
      "right_rotation": [
        -0.0,
        0.0,
        -0.0
      ],
      "rotation": [
        19.999992,
        -44.999992,
        -9.659345E-6
      ],
      "scale": [
        0.046874996,
        0.046875004,
        0.046874996
      ],
      "translation": [
        0.0,
        -1.0,
        0.0
      ]
    },
    "firstperson_righthand": {
      "right_rotation": [
        -0.0,
        0.0,
        -0.0
      ],
      "rotation": [
        19.999992,
        -44.999992,
        -9.659345E-6
      ],
      "scale": [
        0.046874996,
        0.046875004,
        0.046874996
      ],
      "translation": [
        0.0,
        -1.0,
        0.0
      ]
    },
    "fixed": {
      "right_rotation": [
        -0.0,
        0.0,
        -0.0
      ],
      "rotation": [
        19.999992,
        -44.999992,
        -9.659345E-6
      ],
      "scale": [
        0.046874996,
        0.046875004,
        0.046874996
      ],
      "translation": [
        0.0,
        -1.0,
        0.0
      ]
    },
    "ground": {
      "right_rotation": [
        -0.0,
        0.0,
        -0.0
      ],
      "rotation": [
        19.999992,
        -44.999992,
        -9.659345E-6
      ],
      "scale": [
        0.046874996,
        0.046875004,
        0.046874996
      ],
      "translation": [
        0.0,
        -1.0,
        0.0
      ]
    },
    "gui": {
      "right_rotation": [
        -0.0,
        0.0,
        -0.0
      ],
      "rotation": [
        19.999992,
        -44.999992,
        -9.659345E-6
      ],
      "scale": [
        0.046874996,
        0.046875004,
        0.046874996
      ],
      "translation": [
        0.0,
        -1.0,
        0.0
      ]
    },
    "head": {
      "right_rotation": [
        -0.0,
        0.0,
        -0.0
      ],
      "rotation": [
        19.999992,
        -44.999992,
        -9.659345E-6
      ],
      "scale": [
        0.046874996,
        0.046875004,
        0.046874996
      ],
      "translation": [
        0.0,
        -1.0,
        0.0
      ]
    },
    "none": {
      "right_rotation": [
        -0.0,
        0.0,
        -0.0
      ],
      "rotation": [
        19.999992,
        -44.999992,
        -9.659345E-6
      ],
      "scale": [
        0.046874996,
        0.046875004,
        0.046874996
      ],
      "translation": [
        0.0,
        -1.0,
        0.0
      ]
    },
    "thirdperson_lefthand": {
      "right_rotation": [
        -0.0,
        0.0,
        -0.0
      ],
      "rotation": [
        19.999992,
        -44.999992,
        -9.659345E-6
      ],
      "scale": [
        0.046874996,
        0.046875004,
        0.046874996
      ],
      "translation": [
        0.0,
        -1.0,
        0.0
      ]
    },
    "thirdperson_righthand": {
      "right_rotation": [
        -0.0,
        0.0,
        -0.0
      ],
      "rotation": [
        19.999992,
        -44.999992,
        -9.659345E-6
      ],
      "scale": [
        0.046874996,
        0.046875004,
        0.046874996
      ],
      "translation": [
        0.0,
        -1.0,
        0.0
      ]
    }
  },
  "flip_v": true,
  "loader": "neoforge:obj",
  "model": "immersiveengineering:models/block/metal_multiblock/radio_tower.obj"
}